ts,temperature_2m,relative_humidity_2m,precipitation,wind_speed_10m,city_id
2026-02-01 00:00:00,2.0,43,0.0,10.4,JP_TYO
2026-02-01 01:00:00,1.6,44,0.0,8.5,JP_TYO
2026-02-01 02:00:00,1.4,45,0.0,5.3,JP_TYO
2026-02-01 03:00:00,0.3,50,0.0,4.0,JP_TYO
2026-02-01 04:00:00,0.5,48,0.0,3.8,JP_TYO
2026-02-01 05:00:00,0.2,49,0.0,3.6,JP_TYO
2026-02-01 06:00:00,-0.6,51,0.0,4.7,JP_TYO
2026-02-01 07:00:00,-1.0,53,0.0,5.2,JP_TYO
2026-02-01 08:00:00,0.5,47,0.0,3.0,JP_TYO
2026-02-01 09:00:00,2.8,39,0.0,2.4,JP_TYO
2026-02-01 10:00:00,5.5,32,0.0,0.7,JP_TYO
2026-02-01 11:00:00,7.7,32,0.0,3.1,JP_TYO
2026-02-01 12:00:00,8.9,33,0.0,4.0,JP_TYO
2026-02-01 13:00:00,9.7,30,0.0,3.4,JP_TYO
2026-02-01 14:00:00,10.1,28,0.0,3.7,JP_TYO
2026-02-01 15:00:00,10.6,25,0.0,3.8,JP_TYO
2026-02-01 16:00:00,10.2,28,0.0,6.2,JP_TYO
2026-02-01 17:00:00,9.4,34,0.0,6.3,JP_TYO
2026-02-01 18:00:00,8.6,39,0.0,5.6,JP_TYO
2026-02-01 19:00:00,7.8,39,0.0,2.5,JP_TYO
2026-02-01 20:00:00,6.9,40,0.0,1.9,JP_TYO
2026-02-01 21:00:00,5.6,44,0.0,4.3,JP_TYO
2026-02-01 22:00:00,5.2,42,0.0,8.1,JP_TYO
2026-02-01 23:00:00,4.4,42,0.0,8.9,JP_TYO
2026-02-02 00:00:00,3.5,48,0.0,9.3,JP_TYO
2026-02-02 01:00:00,2.8,53,0.0,9.0,JP_TYO
2026-02-02 02:00:00,2.1,55,0.0,8.1,JP_TYO
2026-02-02 03:00:00,1.6,58,0.0,10.3,JP_TYO
2026-02-02 04:00:00,1.6,58,0.0,9.6,JP_TYO
2026-02-02 05:00:00,1.3,59,0.0,6.1,JP_TYO
2026-02-02 06:00:00,1.0,59,0.0,5.6,JP_TYO
2026-02-02 07:00:00,0.6,61,0.0,5.0,JP_TYO
2026-02-02 08:00:00,1.5,56,0.0,4.0,JP_TYO
2026-02-02 09:00:00,4.4,45,0.0,5.2,JP_TYO
2026-02-02 10:00:00,7.3,34,0.0,6.2,JP_TYO
2026-02-02 11:00:00,9.0,30,0.0,3.6,JP_TYO
2026-02-02 12:00:00,9.9,29,0.0,0.7,JP_TYO
2026-02-02 13:00:00,10.4,28,0.0,0.9,JP_TYO
2026-02-02 14:00:00,10.6,28,0.0,3.8,JP_TYO
2026-02-02 15:00:00,10.7,27,0.0,4.4,JP_TYO
2026-02-02 16:00:00,10.1,30,0.0,5.0,JP_TYO
2026-02-02 17:00:00,9.6,32,0.0,3.5,JP_TYO
2026-02-02 18:00:00,9.2,34,0.0,1.4,JP_TYO
2026-02-02 19:00:00,9.2,31,0.0,9.5,JP_TYO
2026-02-02 20:00:00,7.9,32,0.0,15.0,JP_TYO
2026-02-02 21:00:00,6.8,45,0.0,10.3,JP_TYO
2026-02-02 22:00:00,6.4,49,0.0,8.6,JP_TYO
2026-02-02 23:00:00,5.3,55,0.0,6.3,JP_TYO
2026-02-03 00:00:00,4.8,56,0.0,7.1,JP_TYO
2026-02-03 01:00:00,4.6,53,0.0,10.3,JP_TYO
2026-02-03 02:00:00,3.5,49,0.0,11.6,JP_TYO
2026-02-03 03:00:00,2.9,57,0.0,9.3,JP_TYO
2026-02-03 04:00:00,2.7,57,0.0,10.4,JP_TYO
2026-02-03 05:00:00,2.3,56,0.0,10.6,JP_TYO
2026-02-03 06:00:00,2.6,51,0.0,11.8,JP_TYO
2026-02-03 07:00:00,2.7,51,0.0,12.6,JP_TYO
2026-02-03 08:00:00,3.8,46,0.0,10.4,JP_TYO
2026-02-03 09:00:00,5.6,37,0.0,12.2,JP_TYO
2026-02-03 10:00:00,6.4,34,0.0,14.4,JP_TYO
2026-02-03 11:00:00,7.3,29,0.0,16.3,JP_TYO
2026-02-03 12:00:00,8.1,28,0.0,16.4,JP_TYO
2026-02-03 13:00:00,8.6,27,0.0,15.6,JP_TYO
2026-02-03 14:00:00,9.2,25,0.0,13.3,JP_TYO
2026-02-03 15:00:00,9.9,24,0.0,7.8,JP_TYO
2026-02-03 16:00:00,9.4,26,0.0,8.4,JP_TYO
2026-02-03 17:00:00,8.3,29,0.0,7.9,JP_TYO
2026-02-03 18:00:00,7.4,31,0.0,8.0,JP_TYO
2026-02-03 19:00:00,6.4,34,0.0,8.3,JP_TYO
2026-02-03 20:00:00,5.5,39,0.0,6.1,JP_TYO
2026-02-03 21:00:00,4.7,41,0.0,6.0,JP_TYO
2026-02-03 22:00:00,4.3,43,0.0,2.8,JP_TYO
2026-02-03 23:00:00,3.5,46,0.0,9.2,JP_TYO
2026-02-04 00:00:00,2.8,49,0.0,7.4,JP_TYO
2026-02-04 01:00:00,2.6,52,0.0,7.7,JP_TYO
2026-02-04 02:00:00,2.2,56,0.0,9.5,JP_TYO
2026-02-04 03:00:00,1.5,60,0.0,9.9,JP_TYO
2026-02-04 04:00:00,0.9,62,0.0,8.7,JP_TYO
2026-02-04 05:00:00,0.6,63,0.0,8.0,JP_TYO
2026-02-04 06:00:00,0.1,66,0.0,8.1,JP_TYO
2026-02-04 07:00:00,-0.3,68,0.0,7.5,JP_TYO
2026-02-04 08:00:00,0.9,60,0.0,5.1,JP_TYO
2026-02-04 09:00:00,3.0,51,0.0,5.3,JP_TYO
2026-02-04 10:00:00,5.7,41,0.0,5.0,JP_TYO
2026-02-04 11:00:00,7.7,35,0.0,3.5,JP_TYO
2026-02-04 12:00:00,9.1,33,0.0,1.9,JP_TYO
2026-02-04 13:00:00,10.2,31,0.0,3.0,JP_TYO
2026-02-04 14:00:00,10.8,30,0.0,4.5,JP_TYO
2026-02-04 15:00:00,11.0,31,0.0,4.8,JP_TYO
2026-02-04 16:00:00,10.7,32,0.0,4.5,JP_TYO
2026-02-04 17:00:00,9.9,34,0.0,5.0,JP_TYO
2026-02-04 18:00:00,8.9,37,0.0,3.5,JP_TYO
2026-02-04 19:00:00,7.9,40,0.0,1.5,JP_TYO
2026-02-04 20:00:00,7.8,40,0.0,5.4,JP_TYO
2026-02-04 21:00:00,6.7,45,0.0,2.8,JP_TYO
2026-02-04 22:00:00,6.8,41,0.0,5.8,JP_TYO
2026-02-04 23:00:00,6.4,43,0.0,6.4,JP_TYO
2026-02-05 00:00:00,6.2,44,0.0,6.0,JP_TYO
2026-02-05 01:00:00,6.2,44,0.0,5.7,JP_TYO
2026-02-05 02:00:00,5.6,44,0.0,5.5,JP_TYO
2026-02-05 03:00:00,4.1,49,0.0,4.7,JP_TYO
2026-02-05 04:00:00,4.1,49,0.0,6.0,JP_TYO
2026-02-05 05:00:00,3.1,52,0.0,6.0,JP_TYO
2026-02-05 06:00:00,2.5,56,0.0,6.4,JP_TYO
2026-02-05 07:00:00,2.0,59,0.0,5.1,JP_TYO
2026-02-05 08:00:00,3.1,55,0.0,3.5,JP_TYO
2026-02-05 09:00:00,5.9,45,0.0,3.8,JP_TYO
2026-02-05 10:00:00,8.7,36,0.0,2.7,JP_TYO
2026-02-05 11:00:00,10.9,29,0.0,2.1,JP_TYO
2026-02-05 12:00:00,12.4,26,0.0,1.3,JP_TYO
2026-02-05 13:00:00,13.3,25,0.0,3.1,JP_TYO
2026-02-05 14:00:00,13.4,25,0.0,3.8,JP_TYO
2026-02-05 15:00:00,13.1,28,0.0,5.5,JP_TYO
2026-02-05 16:00:00,12.6,30,0.0,6.4,JP_TYO
2026-02-05 17:00:00,11.8,34,0.0,5.4,JP_TYO
2026-02-05 18:00:00,10.9,37,0.0,3.3,JP_TYO
2026-02-05 19:00:00,9.8,41,0.0,3.8,JP_TYO
2026-02-05 20:00:00,9.2,42,0.0,3.9,JP_TYO
2026-02-05 21:00:00,8.1,50,0.0,2.4,JP_TYO
2026-02-05 22:00:00,8.2,56,0.0,2.7,JP_TYO
2026-02-05 23:00:00,8.5,55,0.0,2.3,JP_TYO
2026-02-06 00:00:00,6.9,55,0.0,7.0,JP_TYO
2026-02-06 01:00:00,5.8,50,0.0,8.9,JP_TYO
2026-02-06 02:00:00,5.1,49,0.0,6.5,JP_TYO
2026-02-06 03:00:00,3.9,55,0.0,4.6,JP_TYO
2026-02-06 04:00:00,3.7,56,0.0,2.9,JP_TYO
2026-02-06 05:00:00,3.3,57,0.0,4.5,JP_TYO
2026-02-06 06:00:00,2.2,63,0.0,2.7,JP_TYO
2026-02-06 07:00:00,1.4,68,0.0,2.4,JP_TYO
2026-02-06 08:00:00,3.2,60,0.0,5.7,JP_TYO
2026-02-06 09:00:00,6.9,45,0.0,4.4,JP_TYO
2026-02-06 10:00:00,9.4,35,0.0,3.7,JP_TYO
2026-02-06 11:00:00,10.9,31,0.0,5.2,JP_TYO
2026-02-06 12:00:00,13.2,27,0.0,4.9,JP_TYO
2026-02-06 13:00:00,14.5,25,0.0,3.6,JP_TYO
2026-02-06 14:00:00,15.3,23,0.0,3.5,JP_TYO
2026-02-06 15:00:00,15.8,24,0.0,3.0,JP_TYO
2026-02-06 16:00:00,15.4,24,0.0,2.7,JP_TYO
2026-02-06 17:00:00,14.4,32,0.0,0.5,JP_TYO
2026-02-06 18:00:00,12.5,33,0.0,13.6,JP_TYO
2026-02-06 19:00:00,9.5,39,0.0,16.5,JP_TYO
2026-02-06 20:00:00,8.1,40,0.0,17.3,JP_TYO
2026-02-06 21:00:00,8.1,38,0.0,17.5,JP_TYO
2026-02-06 22:00:00,7.3,38,0.0,17.4,JP_TYO
2026-02-06 23:00:00,6.8,38,0.0,17.2,JP_TYO
2026-02-07 00:00:00,5.8,41,0.0,13.8,JP_TYO
2026-02-07 01:00:00,5.2,42,0.0,15.5,JP_TYO
2026-02-07 02:00:00,4.9,43,0.0,15.2,JP_TYO
2026-02-07 03:00:00,5.2,40,0.0,17.8,JP_TYO
2026-02-07 04:00:00,4.7,39,0.0,17.4,JP_TYO
2026-02-07 05:00:00,4.3,39,0.0,15.9,JP_TYO
2026-02-07 06:00:00,4.1,39,0.0,14.1,JP_TYO
2026-02-07 07:00:00,3.7,42,0.0,13.1,JP_TYO
2026-02-07 08:00:00,3.2,47,0.2,10.6,JP_TYO
2026-02-07 09:00:00,3.0,47,0.5,11.0,JP_TYO
2026-02-07 10:00:00,3.0,48,0.3,9.1,JP_TYO
2026-02-07 11:00:00,2.9,48,0.3,9.8,JP_TYO
2026-02-07 12:00:00,2.7,52,0.4,6.3,JP_TYO
2026-02-07 13:00:00,2.2,57,0.4,4.7,JP_TYO
2026-02-07 14:00:00,1.8,65,0.5,2.9,JP_TYO
2026-02-07 15:00:00,1.1,76,0.4,1.9,JP_TYO
2026-02-07 16:00:00,1.5,78,0.3,2.4,JP_TYO
2026-02-07 17:00:00,1.2,83,0.3,2.9,JP_TYO
2026-02-07 18:00:00,0.9,87,0.2,2.3,JP_TYO
2026-02-07 19:00:00,1.0,88,0.0,1.5,JP_TYO
2026-02-07 20:00:00,0.9,87,0.0,2.5,JP_TYO
2026-02-07 21:00:00,0.6,92,0.0,2.9,JP_TYO
2026-02-07 22:00:00,0.8,89,0.0,6.3,JP_TYO
2026-02-07 23:00:00,0.6,88,0.1,7.7,JP_TYO
2026-02-08 00:00:00,0.3,92,0.3,5.6,JP_TYO
2026-02-08 01:00:00,0.1,96,0.8,5.5,JP_TYO
2026-02-08 02:00:00,-0.4,100,1.2,8.7,JP_TYO
2026-02-08 03:00:00,-1.0,94,0.8,8.8,JP_TYO
2026-02-08 04:00:00,-1.9,91,0.1,9.4,JP_TYO
2026-02-08 05:00:00,-2.5,92,0.0,9.2,JP_TYO
2026-02-08 06:00:00,-2.7,89,0.0,10.8,JP_TYO
2026-02-08 07:00:00,-3.2,92,0.1,10.2,JP_TYO
2026-02-08 08:00:00,-3.4,93,0.2,10.4,JP_TYO
2026-02-08 09:00:00,-2.5,92,0.8,8.8,JP_TYO
2026-02-08 10:00:00,-2.8,93,1.2,6.9,JP_TYO
2026-02-08 11:00:00,-2.8,87,1.0,8.4,JP_TYO
2026-02-08 12:00:00,-2.8,89,0.5,7.1,JP_TYO
2026-02-08 13:00:00,-2.7,89,0.7,6.5,JP_TYO
2026-02-08 14:00:00,-2.2,87,0.6,7.5,JP_TYO
2026-02-08 15:00:00,-1.0,87,0.3,6.1,JP_TYO
2026-02-08 16:00:00,-0.9,77,0.0,6.7,JP_TYO
2026-02-08 17:00:00,-0.7,66,0.0,12.1,JP_TYO
2026-02-08 18:00:00,-0.8,56,0.0,17.0,JP_TYO
2026-02-08 19:00:00,-1.5,55,0.0,13.3,JP_TYO
2026-02-08 20:00:00,-1.9,55,0.0,14.2,JP_TYO
2026-02-08 21:00:00,-1.4,43,0.0,19.6,JP_TYO
2026-02-08 22:00:00,-1.6,41,0.0,17.2,JP_TYO
2026-02-08 23:00:00,-2.2,40,0.0,16.2,JP_TYO
2026-02-09 00:00:00,-2.8,42,0.0,11.2,JP_TYO
2026-02-09 01:00:00,-2.8,43,0.0,11.7,JP_TYO
2026-02-09 02:00:00,-2.6,45,0.0,9.8,JP_TYO
2026-02-09 03:00:00,-2.7,40,0.0,9.9,JP_TYO
2026-02-09 04:00:00,-2.8,38,0.0,11.4,JP_TYO
2026-02-09 05:00:00,-3.0,38,0.0,10.3,JP_TYO
2026-02-09 06:00:00,-3.0,38,0.0,10.5,JP_TYO
2026-02-09 07:00:00,-2.8,37,0.0,10.1,JP_TYO
2026-02-09 08:00:00,-1.4,33,0.0,11.0,JP_TYO
2026-02-09 09:00:00,2.0,29,0.0,8.6,JP_TYO
2026-02-09 10:00:00,4.4,21,0.0,9.7,JP_TYO
2026-02-09 11:00:00,5.8,19,0.0,10.9,JP_TYO
2026-02-09 12:00:00,7.2,18,0.0,9.6,JP_TYO
2026-02-09 13:00:00,8.2,18,0.0,7.8,JP_TYO
2026-02-09 14:00:00,9.1,18,0.0,6.4,JP_TYO
2026-02-09 15:00:00,7.9,27,0.0,13.3,JP_TYO
2026-02-09 16:00:00,8.1,28,0.0,8.2,JP_TYO
2026-02-09 17:00:00,7.7,30,0.0,3.0,JP_TYO
2026-02-09 18:00:00,6.8,32,0.0,3.0,JP_TYO
2026-02-09 19:00:00,5.2,36,0.0,8.8,JP_TYO
2026-02-09 20:00:00,3.5,45,0.0,8.1,JP_TYO
2026-02-09 21:00:00,3.7,48,0.0,10.4,JP_TYO
2026-02-09 22:00:00,3.5,48,0.0,11.2,JP_TYO
2026-02-09 23:00:00,3.0,50,0.0,9.4,JP_TYO
2026-02-10 00:00:00,2.3,52,0.0,7.5,JP_TYO
2026-02-10 01:00:00,1.6,55,0.0,5.8,JP_TYO
2026-02-10 02:00:00,1.0,57,0.0,5.1,JP_TYO
2026-02-10 03:00:00,1.1,57,0.0,8.7,JP_TYO
2026-02-10 04:00:00,0.6,60,0.0,6.6,JP_TYO
2026-02-10 05:00:00,0.2,63,0.0,7.1,JP_TYO
2026-02-10 06:00:00,-0.2,65,0.0,6.6,JP_TYO
2026-02-10 07:00:00,-0.4,67,0.0,7.6,JP_TYO
2026-02-10 08:00:00,0.6,61,0.0,5.0,JP_TYO
2026-02-10 09:00:00,2.2,54,0.0,4.2,JP_TYO
2026-02-10 10:00:00,4.3,45,0.0,1.5,JP_TYO
2026-02-10 11:00:00,6.7,38,0.0,1.7,JP_TYO
2026-02-10 12:00:00,8.7,34,0.0,3.9,JP_TYO
2026-02-10 13:00:00,9.8,39,0.0,7.2,JP_TYO
2026-02-10 14:00:00,10.7,47,0.0,10.9,JP_TYO
2026-02-10 15:00:00,10.4,48,0.0,7.8,JP_TYO
2026-02-10 16:00:00,10.2,39,0.0,7.6,JP_TYO
2026-02-10 17:00:00,9.8,41,0.0,9.2,JP_TYO
2026-02-10 18:00:00,9.0,45,0.0,6.4,JP_TYO
2026-02-10 19:00:00,7.9,49,0.0,6.4,JP_TYO
2026-02-10 20:00:00,7.1,52,0.0,5.5,JP_TYO
2026-02-10 21:00:00,7.1,50,0.0,5.0,JP_TYO
2026-02-10 22:00:00,5.8,54,0.0,5.4,JP_TYO
2026-02-10 23:00:00,5.2,55,0.0,4.8,JP_TYO
2026-02-11 00:00:00,5.9,53,0.0,4.8,JP_TYO
2026-02-11 01:00:00,7.3,65,0.0,7.8,JP_TYO
2026-02-11 02:00:00,8.9,64,0.0,13.9,JP_TYO
2026-02-11 03:00:00,6.1,70,0.0,2.0,JP_TYO
2026-02-11 04:00:00,5.8,61,0.0,4.3,JP_TYO
2026-02-11 05:00:00,4.3,54,0.1,9.2,JP_TYO
2026-02-11 06:00:00,1.6,72,1.6,10.0,JP_TYO
2026-02-11 07:00:00,0.8,95,2.8,10.3,JP_TYO
2026-02-11 08:00:00,2.1,95,3.4,7.6,JP_TYO
2026-02-11 09:00:00,2.3,99,3.0,11.3,JP_TYO
2026-02-11 10:00:00,4.0,92,0.8,6.3,JP_TYO
2026-02-11 11:00:00,4.4,87,0.8,7.9,JP_TYO
2026-02-11 12:00:00,4.2,92,0.7,6.9,JP_TYO
2026-02-11 13:00:00,4.8,92,0.2,6.0,JP_TYO
2026-02-11 14:00:00,6.2,85,0.0,3.3,JP_TYO
2026-02-11 15:00:00,7.6,84,0.1,4.3,JP_TYO
2026-02-11 16:00:00,7.3,84,0.0,6.1,JP_TYO
2026-02-11 17:00:00,7.2,83,0.0,6.5,JP_TYO
2026-02-11 18:00:00,6.8,84,0.0,3.2,JP_TYO
2026-02-11 19:00:00,5.9,86,0.0,4.7,JP_TYO
2026-02-11 20:00:00,5.6,84,0.0,7.1,JP_TYO
2026-02-11 21:00:00,5.8,74,0.0,5.9,JP_TYO
2026-02-11 22:00:00,6.0,69,0.0,8.3,JP_TYO
2026-02-11 23:00:00,5.8,64,0.0,8.3,JP_TYO
2026-02-12 00:00:00,4.8,71,0.0,4.4,JP_TYO
2026-02-12 01:00:00,5.3,65,0.0,8.9,JP_TYO
2026-02-12 02:00:00,5.3,58,0.0,15.2,JP_TYO
2026-02-12 03:00:00,4.9,55,0.0,15.9,JP_TYO
2026-02-12 04:00:00,4.7,50,0.0,14.8,JP_TYO
2026-02-12 05:00:00,4.2,49,0.0,13.5,JP_TYO
2026-02-12 06:00:00,4.0,49,0.0,11.8,JP_TYO
2026-02-12 07:00:00,3.9,50,0.0,11.9,JP_TYO
2026-02-12 08:00:00,3.8,52,0.0,8.4,JP_TYO
2026-02-12 09:00:00,5.6,47,0.0,9.4,JP_TYO
2026-02-12 10:00:00,6.6,41,0.0,9.6,JP_TYO
2026-02-12 11:00:00,7.3,38,0.0,8.1,JP_TYO
2026-02-12 12:00:00,8.4,37,0.0,5.9,JP_TYO
2026-02-12 13:00:00,9.4,36,0.0,4.3,JP_TYO
2026-02-12 14:00:00,10.2,37,0.0,1.9,JP_TYO
2026-02-12 15:00:00,10.1,39,0.0,0.9,JP_TYO
2026-02-12 16:00:00,10.0,41,0.0,3.8,JP_TYO
2026-02-12 17:00:00,9.2,49,0.0,5.2,JP_TYO
2026-02-12 18:00:00,8.4,53,0.0,6.0,JP_TYO
2026-02-12 19:00:00,7.5,57,0.0,5.1,JP_TYO
2026-02-12 20:00:00,6.3,65,0.0,5.5,JP_TYO
2026-02-12 21:00:00,5.9,70,0.0,1.8,JP_TYO
2026-02-12 22:00:00,5.2,69,0.0,1.9,JP_TYO
2026-02-12 23:00:00,4.2,73,0.0,2.3,JP_TYO
2026-02-13 00:00:00,3.3,77,0.0,4.4,JP_TYO
2026-02-13 01:00:00,2.7,79,0.0,7.9,JP_TYO
2026-02-13 02:00:00,2.4,77,0.0,8.5,JP_TYO
2026-02-13 03:00:00,2.7,66,0.0,7.3,JP_TYO
2026-02-13 04:00:00,2.7,64,0.0,6.2,JP_TYO
2026-02-13 05:00:00,2.7,64,0.0,8.1,JP_TYO
2026-02-13 06:00:00,2.5,65,0.0,8.6,JP_TYO
2026-02-13 07:00:00,2.4,65,0.0,7.0,JP_TYO
2026-02-13 08:00:00,3.6,62,0.0,5.9,JP_TYO
2026-02-13 09:00:00,5.4,54,0.0,7.4,JP_TYO
2026-02-13 10:00:00,7.4,47,0.0,7.7,JP_TYO
2026-02-13 11:00:00,8.6,43,0.0,4.6,JP_TYO
2026-02-13 12:00:00,9.3,41,0.0,5.2,JP_TYO
2026-02-13 13:00:00,10.7,39,0.0,4.5,JP_TYO
2026-02-13 14:00:00,11.6,38,0.0,4.4,JP_TYO
2026-02-13 15:00:00,12.0,40,0.0,6.7,JP_TYO
2026-02-13 16:00:00,11.4,42,0.0,7.0,JP_TYO
2026-02-13 17:00:00,10.4,48,0.0,6.3,JP_TYO
2026-02-13 18:00:00,9.2,54,0.0,5.4,JP_TYO
2026-02-13 19:00:00,8.1,68,0.0,3.3,JP_TYO
2026-02-13 20:00:00,7.8,63,0.0,2.9,JP_TYO
2026-02-13 21:00:00,6.1,73,0.0,2.8,JP_TYO
2026-02-13 22:00:00,5.7,75,0.0,5.5,JP_TYO
2026-02-13 23:00:00,4.7,82,0.0,5.9,JP_TYO
2026-02-14 00:00:00,3.9,86,0.0,7.1,JP_TYO
2026-02-14 01:00:00,3.5,87,0.0,8.0,JP_TYO
2026-02-14 02:00:00,3.2,86,0.0,6.4,JP_TYO
2026-02-14 03:00:00,3.0,83,0.0,4.5,JP_TYO
2026-02-14 04:00:00,2.3,86,0.0,2.3,JP_TYO
2026-02-14 05:00:00,1.6,88,0.0,2.1,JP_TYO
2026-02-14 06:00:00,1.1,89,0.0,2.7,JP_TYO
2026-02-14 07:00:00,1.5,87,0.0,4.7,JP_TYO
2026-02-14 08:00:00,3.2,79,0.0,4.3,JP_TYO
2026-02-14 09:00:00,5.6,66,0.0,3.5,JP_TYO
2026-02-14 10:00:00,8.5,53,0.0,2.3,JP_TYO
2026-02-14 11:00:00,11.1,46,0.0,1.9,JP_TYO
2026-02-14 12:00:00,12.9,44,0.0,1.9,JP_TYO
2026-02-14 13:00:00,14.1,44,0.0,3.8,JP_TYO
2026-02-14 14:00:00,14.9,45,0.0,5.6,JP_TYO
2026-02-14 15:00:00,14.8,49,0.0,6.8,JP_TYO
2026-02-14 16:00:00,14.2,52,0.0,6.9,JP_TYO
2026-02-14 17:00:00,13.4,55,0.0,6.7,JP_TYO
2026-02-14 18:00:00,12.1,60,0.0,6.5,JP_TYO
2026-02-14 19:00:00,11.3,68,0.0,4.1,JP_TYO
2026-02-14 20:00:00,10.8,73,0.0,2.9,JP_TYO
2026-02-14 21:00:00,10.2,79,0.0,0.6,JP_TYO
2026-02-14 22:00:00,10.0,81,0.0,1.2,JP_TYO
2026-02-14 23:00:00,9.4,82,0.0,1.5,JP_TYO
2026-02-15 00:00:00,8.6,85,0.0,1.8,JP_TYO
2026-02-15 01:00:00,7.8,88,0.0,1.8,JP_TYO
2026-02-15 02:00:00,7.3,91,0.0,2.0,JP_TYO
2026-02-15 03:00:00,6.9,90,0.0,4.3,JP_TYO
2026-02-15 04:00:00,6.6,91,0.0,3.8,JP_TYO
2026-02-15 05:00:00,5.9,92,0.0,4.3,JP_TYO
2026-02-15 06:00:00,5.3,92,0.0,4.9,JP_TYO
2026-02-15 07:00:00,5.4,87,0.0,6.3,JP_TYO
2026-02-15 08:00:00,7.3,76,0.0,6.0,JP_TYO
2026-02-15 09:00:00,9.3,60,0.0,4.7,JP_TYO
2026-02-15 10:00:00,11.9,51,0.0,4.7,JP_TYO
2026-02-15 11:00:00,13.9,46,0.0,2.7,JP_TYO
2026-02-15 12:00:00,15.9,42,0.0,2.3,JP_TYO
2026-02-15 13:00:00,17.0,39,0.0,1.7,JP_TYO
2026-02-15 14:00:00,17.5,38,0.0,3.1,JP_TYO
2026-02-15 15:00:00,18.1,44,0.0,7.3,JP_TYO
2026-02-15 16:00:00,17.9,48,0.0,6.7,JP_TYO
2026-02-15 17:00:00,17.0,52,0.0,6.2,JP_TYO
2026-02-15 18:00:00,15.8,59,0.0,4.3,JP_TYO
2026-02-15 19:00:00,14.6,70,0.0,3.0,JP_TYO
2026-02-15 20:00:00,13.8,76,0.0,0.7,JP_TYO
2026-02-15 21:00:00,12.1,81,0.0,2.4,JP_TYO
2026-02-15 22:00:00,11.8,82,0.0,0.7,JP_TYO
2026-02-15 23:00:00,11.1,84,0.0,4.3,JP_TYO
2026-02-16 00:00:00,10.4,80,0.0,8.2,JP_TYO
2026-02-16 01:00:00,10.4,65,0.0,8.7,JP_TYO
2026-02-16 02:00:00,10.2,57,0.0,9.3,JP_TYO
2026-02-16 03:00:00,9.7,58,0.0,10.5,JP_TYO
2026-02-16 04:00:00,9.2,62,0.0,11.7,JP_TYO
2026-02-16 05:00:00,8.8,65,0.0,12.8,JP_TYO
2026-02-16 06:00:00,8.6,64,0.0,13.9,JP_TYO
2026-02-16 07:00:00,8.4,61,0.0,15.1,JP_TYO
2026-02-16 08:00:00,9.4,54,0.0,12.8,JP_TYO
2026-02-16 09:00:00,11.6,41,0.0,14.3,JP_TYO
2026-02-16 10:00:00,12.9,37,0.0,11.1,JP_TYO
2026-02-16 11:00:00,14.1,34,0.0,9.5,JP_TYO
2026-02-16 12:00:00,15.0,32,0.0,7.0,JP_TYO
2026-02-16 13:00:00,15.1,33,0.0,4.4,JP_TYO
2026-02-16 14:00:00,15.4,33,0.0,2.7,JP_TYO
2026-02-16 15:00:00,14.3,34,0.0,3.5,JP_TYO
2026-02-16 16:00:00,13.6,44,0.0,5.2,JP_TYO
2026-02-16 17:00:00,12.6,55,0.0,6.7,JP_TYO
2026-02-16 18:00:00,11.4,64,0.3,4.3,JP_TYO
2026-02-16 19:00:00,10.6,67,0.5,4.6,JP_TYO
2026-02-16 20:00:00,9.8,67,0.6,7.7,JP_TYO
2026-02-16 21:00:00,8.6,80,1.3,8.0,JP_TYO
2026-02-16 22:00:00,7.8,83,1.2,11.3,JP_TYO
2026-02-16 23:00:00,6.0,89,1.4,11.6,JP_TYO
2026-02-17 00:00:00,5.2,91,1.0,9.7,JP_TYO
2026-02-17 01:00:00,4.8,81,0.7,8.9,JP_TYO
2026-02-17 02:00:00,4.2,81,0.3,8.0,JP_TYO
2026-02-17 03:00:00,4.2,86,0.1,7.2,JP_TYO
2026-02-17 04:00:00,3.6,91,0.4,8.2,JP_TYO
2026-02-17 05:00:00,2.8,92,0.1,8.0,JP_TYO
2026-02-17 06:00:00,2.8,89,0.0,6.2,JP_TYO
2026-02-17 07:00:00,2.9,87,0.0,4.0,JP_TYO
2026-02-17 08:00:00,3.1,84,0.0,3.7,JP_TYO
2026-02-17 09:00:00,3.8,74,0.0,5.0,JP_TYO
2026-02-17 10:00:00,4.8,61,0.0,4.7,JP_TYO
2026-02-17 11:00:00,5.4,55,0.0,4.7,JP_TYO
2026-02-17 12:00:00,5.6,54,0.0,4.1,JP_TYO
2026-02-17 13:00:00,6.3,50,0.0,5.1,JP_TYO
2026-02-17 14:00:00,7.1,47,0.0,4.7,JP_TYO
2026-02-17 15:00:00,6.2,51,0.0,4.9,JP_TYO
2026-02-17 16:00:00,6.4,51,0.0,4.4,JP_TYO
2026-02-17 17:00:00,6.4,53,0.0,2.6,JP_TYO
2026-02-17 18:00:00,6.4,55,0.0,4.0,JP_TYO
2026-02-17 19:00:00,6.3,60,0.0,4.6,JP_TYO
2026-02-17 20:00:00,6.2,63,0.0,2.5,JP_TYO
2026-02-17 21:00:00,5.8,69,0.0,3.7,JP_TYO
2026-02-17 22:00:00,5.6,73,0.0,6.0,JP_TYO
2026-02-17 23:00:00,5.3,70,0.0,6.3,JP_TYO
2026-02-18 00:00:00,4.8,71,0.0,6.0,JP_TYO
2026-02-18 01:00:00,4.7,70,0.0,7.0,JP_TYO
2026-02-18 02:00:00,4.1,70,0.0,7.3,JP_TYO
2026-02-18 03:00:00,4.0,73,0.0,7.3,JP_TYO
2026-02-18 04:00:00,4.0,72,0.0,7.8,JP_TYO
2026-02-18 05:00:00,3.8,73,0.0,7.0,JP_TYO
2026-02-18 06:00:00,3.5,73,0.0,6.8,JP_TYO
2026-02-18 07:00:00,3.3,73,0.0,6.9,JP_TYO
2026-02-18 08:00:00,4.5,70,0.0,5.7,JP_TYO
2026-02-18 09:00:00,6.2,62,0.0,6.9,JP_TYO
2026-02-18 10:00:00,7.9,58,0.0,6.3,JP_TYO
2026-02-18 11:00:00,9.2,57,0.0,4.0,JP_TYO
2026-02-18 12:00:00,10.4,52,0.0,1.7,JP_TYO
2026-02-18 13:00:00,10.8,48,0.0,1.0,JP_TYO
2026-02-18 14:00:00,11.6,45,0.0,3.8,JP_TYO
2026-02-18 15:00:00,10.9,48,0.0,6.4,JP_TYO
2026-02-18 16:00:00,10.8,48,0.0,5.4,JP_TYO
2026-02-18 17:00:00,10.1,53,0.0,5.1,JP_TYO
2026-02-18 18:00:00,9.1,61,0.0,5.7,JP_TYO
2026-02-18 19:00:00,8.1,67,0.0,2.7,JP_TYO
2026-02-18 20:00:00,7.6,67,0.1,7.5,JP_TYO
2026-02-18 21:00:00,8.4,50,0.0,13.9,JP_TYO
2026-02-18 22:00:00,7.6,45,0.0,19.6,JP_TYO
2026-02-18 23:00:00,6.3,46,0.0,19.1,JP_TYO
2026-02-19 00:00:00,5.1,40,0.0,20.5,JP_TYO
2026-02-19 01:00:00,3.8,39,0.0,23.0,JP_TYO
2026-02-19 02:00:00,2.8,39,0.0,21.5,JP_TYO
2026-02-19 03:00:00,3.3,38,0.0,15.0,JP_TYO
2026-02-19 04:00:00,2.5,39,0.0,18.6,JP_TYO
2026-02-19 05:00:00,1.8,40,0.0,19.0,JP_TYO
2026-02-19 06:00:00,1.5,41,0.0,18.6,JP_TYO
2026-02-19 07:00:00,1.5,43,0.0,18.3,JP_TYO
2026-02-19 08:00:00,2.3,40,0.0,17.1,JP_TYO
2026-02-19 09:00:00,4.6,30,0.0,17.1,JP_TYO
2026-02-19 10:00:00,5.8,29,0.0,16.0,JP_TYO
2026-02-19 11:00:00,7.0,27,0.0,14.1,JP_TYO
2026-02-19 12:00:00,8.3,24,0.0,11.1,JP_TYO
2026-02-19 13:00:00,9.1,23,0.0,10.1,JP_TYO
2026-02-19 14:00:00,9.2,25,0.0,11.3,JP_TYO
2026-02-19 15:00:00,9.8,24,0.0,12.3,JP_TYO
2026-02-19 16:00:00,8.8,25,0.0,12.4,JP_TYO
2026-02-19 17:00:00,7.3,27,0.0,14.1,JP_TYO
2026-02-19 18:00:00,5.8,32,0.0,13.5,JP_TYO
2026-02-19 19:00:00,5.4,32,0.0,14.0,JP_TYO
2026-02-19 20:00:00,4.4,34,0.0,11.8,JP_TYO
2026-02-19 21:00:00,3.8,36,0.0,9.8,JP_TYO
2026-02-19 22:00:00,3.5,39,0.0,9.8,JP_TYO
2026-02-19 23:00:00,3.0,41,0.0,9.4,JP_TYO
2026-02-20 00:00:00,2.8,41,0.0,9.9,JP_TYO
2026-02-20 01:00:00,2.3,44,0.0,10.0,JP_TYO
2026-02-20 02:00:00,1.7,47,0.0,7.1,JP_TYO
2026-02-20 03:00:00,1.5,46,0.0,7.2,JP_TYO
2026-02-20 04:00:00,1.3,48,0.0,6.4,JP_TYO
2026-02-20 05:00:00,0.8,50,0.0,5.8,JP_TYO
2026-02-20 06:00:00,0.3,52,0.0,6.2,JP_TYO
2026-02-20 07:00:00,0.2,53,0.0,6.3,JP_TYO
2026-02-20 08:00:00,1.3,48,0.0,5.2,JP_TYO
2026-02-20 09:00:00,2.7,46,0.0,7.3,JP_TYO
2026-02-20 10:00:00,4.9,39,0.0,5.3,JP_TYO
2026-02-20 11:00:00,6.9,33,0.0,4.4,JP_TYO
2026-02-20 12:00:00,8.8,34,0.0,4.6,JP_TYO
2026-02-20 13:00:00,10.1,39,0.0,4.7,JP_TYO
2026-02-20 14:00:00,10.8,41,0.0,5.1,JP_TYO
2026-02-20 15:00:00,10.2,46,0.0,6.6,JP_TYO
2026-02-20 16:00:00,10.1,48,0.0,5.8,JP_TYO
2026-02-20 17:00:00,9.8,51,0.0,5.3,JP_TYO
2026-02-20 18:00:00,9.0,54,0.0,4.4,JP_TYO
2026-02-20 19:00:00,8.5,56,0.0,3.9,JP_TYO
2026-02-20 20:00:00,7.9,57,0.0,4.5,JP_TYO
2026-02-20 21:00:00,7.2,60,0.0,3.2,JP_TYO
2026-02-20 22:00:00,7.2,60,0.0,5.7,JP_TYO
2026-02-20 23:00:00,6.4,67,0.0,5.0,JP_TYO
2026-02-21 00:00:00,5.5,72,0.0,8.7,JP_TYO
2026-02-21 01:00:00,5.1,72,0.0,8.5,JP_TYO
2026-02-21 02:00:00,4.6,72,0.0,7.3,JP_TYO
2026-02-21 03:00:00,4.1,56,0.0,8.8,JP_TYO
2026-02-21 04:00:00,3.8,51,0.0,8.3,JP_TYO
2026-02-21 05:00:00,3.5,52,0.0,7.9,JP_TYO
2026-02-21 06:00:00,3.0,54,0.0,7.8,JP_TYO
2026-02-21 07:00:00,3.0,54,0.0,8.4,JP_TYO
2026-02-21 08:00:00,4.7,48,0.0,6.4,JP_TYO
2026-02-21 09:00:00,6.9,43,0.0,5.8,JP_TYO
2026-02-21 10:00:00,9.6,36,0.0,5.9,JP_TYO
2026-02-21 11:00:00,11.6,35,0.0,4.9,JP_TYO
2026-02-21 12:00:00,13.0,33,0.0,3.7,JP_TYO
2026-02-21 13:00:00,14.1,31,0.0,3.9,JP_TYO
2026-02-21 14:00:00,14.6,31,0.0,4.7,JP_TYO
2026-02-21 15:00:00,14.5,37,0.0,5.4,JP_TYO
2026-02-21 16:00:00,14.3,38,0.0,4.1,JP_TYO
2026-02-21 17:00:00,13.9,40,0.0,2.5,JP_TYO
2026-02-21 18:00:00,13.2,43,0.0,1.5,JP_TYO
2026-02-21 19:00:00,12.1,49,0.0,5.4,JP_TYO
2026-02-21 20:00:00,11.2,62,0.0,4.9,JP_TYO
2026-02-21 21:00:00,10.2,61,0.0,1.9,JP_TYO
2026-02-21 22:00:00,9.9,54,0.0,5.6,JP_TYO
2026-02-21 23:00:00,9.4,52,0.0,4.8,JP_TYO
2026-02-22 00:00:00,8.9,54,0.0,6.3,JP_TYO
2026-02-22 01:00:00,8.1,57,0.0,5.6,JP_TYO
2026-02-22 02:00:00,7.6,58,0.0,4.4,JP_TYO
2026-02-22 03:00:00,6.0,62,0.0,4.4,JP_TYO
2026-02-22 04:00:00,4.9,66,0.0,4.7,JP_TYO
2026-02-22 05:00:00,3.6,76,0.0,4.5,JP_TYO
2026-02-22 06:00:00,2.5,86,0.0,4.3,JP_TYO
2026-02-22 07:00:00,2.4,95,0.0,5.5,JP_TYO
2026-02-22 08:00:00,4.8,87,0.0,4.2,JP_TYO
2026-02-22 09:00:00,7.2,76,0.0,0.6,JP_TYO
2026-02-22 10:00:00,11.1,56,0.0,2.1,JP_TYO
2026-02-22 11:00:00,13.6,48,0.0,5.3,JP_TYO
2026-02-22 12:00:00,15.0,47,0.0,7.9,JP_TYO
2026-02-22 13:00:00,17.1,44,0.0,15.1,JP_TYO
2026-02-22 14:00:00,17.0,49,0.0,16.8,JP_TYO
2026-02-22 15:00:00,17.5,48,0.0,17.9,JP_TYO
2026-02-22 16:00:00,16.9,53,0.0,17.0,JP_TYO
2026-02-22 17:00:00,15.9,63,0.0,15.0,JP_TYO
2026-02-22 18:00:00,14.9,70,0.0,15.6,JP_TYO
2026-02-22 19:00:00,14.6,73,0.0,17.3,JP_TYO
2026-02-22 20:00:00,14.4,76,0.0,17.0,JP_TYO
2026-02-22 21:00:00,15.1,73,0.0,16.0,JP_TYO
2026-02-22 22:00:00,15.3,71,0.0,18.1,JP_TYO
2026-02-22 23:00:00,15.4,71,0.0,17.5,JP_TYO
2026-02-23 00:00:00,15.2,72,0.0,17.3,JP_TYO
2026-02-23 01:00:00,15.1,75,0.0,19.1,JP_TYO
2026-02-23 02:00:00,14.9,78,0.0,18.6,JP_TYO
2026-02-23 03:00:00,14.9,80,0.0,18.0,JP_TYO
2026-02-23 04:00:00,15.1,79,0.0,18.6,JP_TYO
2026-02-23 05:00:00,15.1,79,0.0,20.5,JP_TYO
2026-02-23 06:00:00,15.7,77,0.0,22.2,JP_TYO
2026-02-23 07:00:00,16.1,75,0.0,21.4,JP_TYO
2026-02-23 08:00:00,16.6,74,0.0,19.8,JP_TYO
2026-02-23 09:00:00,19.0,63,0.0,16.8,JP_TYO
2026-02-23 10:00:00,19.9,59,0.0,19.3,JP_TYO
2026-02-23 11:00:00,20.9,54,0.0,17.5,JP_TYO
2026-02-23 12:00:00,21.1,54,0.0,17.6,JP_TYO
2026-02-23 13:00:00,22.0,49,0.0,15.3,JP_TYO
2026-02-23 14:00:00,22.3,48,0.0,12.1,JP_TYO
2026-02-23 15:00:00,22.8,42,0.0,16.3,JP_TYO
2026-02-23 16:00:00,21.7,48,0.0,12.6,JP_TYO
2026-02-23 17:00:00,20.4,52,0.0,11.4,JP_TYO
2026-02-23 18:00:00,19.5,51,0.0,10.5,JP_TYO
2026-02-23 19:00:00,19.4,48,0.0,8.2,JP_TYO
2026-02-23 20:00:00,16.3,61,0.0,17.3,JP_TYO
2026-02-23 21:00:00,13.6,73,0.0,15.3,JP_TYO
2026-02-23 22:00:00,12.4,69,0.0,12.7,JP_TYO
2026-02-23 23:00:00,12.1,68,0.0,12.8,JP_TYO
2026-02-24 00:00:00,11.8,68,0.0,9.3,JP_TYO
2026-02-24 01:00:00,11.8,65,0.0,9.2,JP_TYO
2026-02-24 02:00:00,11.6,65,0.0,7.8,JP_TYO
2026-02-24 03:00:00,11.5,66,0.0,7.2,JP_TYO
2026-02-24 04:00:00,11.4,64,0.0,7.3,JP_TYO
2026-02-24 05:00:00,11.0,65,0.0,7.7,JP_TYO
2026-02-24 06:00:00,10.6,68,0.0,8.0,JP_TYO
2026-02-24 07:00:00,10.6,70,0.0,6.7,JP_TYO
2026-02-24 08:00:00,10.9,71,0.0,5.7,JP_TYO
2026-02-24 09:00:00,11.4,65,0.0,6.0,JP_TYO
2026-02-24 10:00:00,13.0,59,0.0,5.6,JP_TYO
2026-02-24 11:00:00,14.6,53,0.0,5.3,JP_TYO
2026-02-24 12:00:00,17.2,44,0.0,4.8,JP_TYO
2026-02-24 13:00:00,18.2,41,0.0,6.6,JP_TYO
2026-02-24 14:00:00,19.1,42,0.0,9.7,JP_TYO
2026-02-24 15:00:00,18.1,45,0.0,10.8,JP_TYO
2026-02-24 16:00:00,16.8,53,0.0,10.3,JP_TYO
2026-02-24 17:00:00,16.0,57,0.0,7.0,JP_TYO
2026-02-24 18:00:00,15.8,61,0.0,8.9,JP_TYO
2026-02-24 19:00:00,15.3,67,0.0,9.8,JP_TYO
2026-02-24 20:00:00,14.9,71,0.0,7.3,JP_TYO
2026-02-24 21:00:00,13.7,77,0.0,5.0,JP_TYO
2026-02-24 22:00:00,13.6,78,0.0,2.3,JP_TYO
2026-02-24 23:00:00,13.3,78,0.0,2.9,JP_TYO
2026-02-25 00:00:00,13.1,78,0.3,4.8,JP_TYO
2026-02-25 01:00:00,12.2,79,0.4,6.7,JP_TYO
2026-02-25 02:00:00,11.6,82,0.2,6.1,JP_TYO
2026-02-25 03:00:00,11.1,83,0.1,6.8,JP_TYO
2026-02-25 04:00:00,10.9,83,0.0,6.7,JP_TYO
2026-02-25 05:00:00,10.8,83,0.0,7.4,JP_TYO
2026-02-25 06:00:00,10.5,84,0.3,6.4,JP_TYO
2026-02-25 07:00:00,10.2,91,1.9,9.1,JP_TYO
2026-02-25 08:00:00,10.1,93,3.2,10.3,JP_TYO
2026-02-25 09:00:00,10.0,93,5.7,11.5,JP_TYO
2026-02-25 10:00:00,10.2,95,3.5,10.7,JP_TYO
2026-02-25 11:00:00,10.8,97,2.9,7.2,JP_TYO
2026-02-25 12:00:00,11.0,96,6.7,9.2,JP_TYO
2026-02-25 13:00:00,9.9,95,6.3,14.9,JP_TYO
2026-02-25 14:00:00,9.1,94,6.3,16.5,JP_TYO
2026-02-25 15:00:00,8.6,93,4.3,15.5,JP_TYO
2026-02-25 16:00:00,8.0,95,1.6,10.9,JP_TYO
2026-02-25 17:00:00,7.7,96,1.0,11.8,JP_TYO
2026-02-25 18:00:00,7.2,93,0.6,13.6,JP_TYO
2026-02-25 19:00:00,6.8,92,0.6,15.0,JP_TYO
2026-02-25 20:00:00,6.6,91,0.7,14.6,JP_TYO
2026-02-25 21:00:00,6.5,92,0.8,13.2,JP_TYO
2026-02-25 22:00:00,6.8,93,1.3,11.7,JP_TYO
2026-02-25 23:00:00,6.7,94,0.8,12.2,JP_TYO
2026-02-26 00:00:00,6.2,92,0.5,12.9,JP_TYO
2026-02-26 01:00:00,5.9,91,0.2,14.5,JP_TYO
2026-02-26 02:00:00,5.7,89,0.0,15.6,JP_TYO
2026-02-26 03:00:00,6.1,87,0.0,14.2,JP_TYO
2026-02-26 04:00:00,6.2,85,0.0,14.1,JP_TYO
2026-02-26 05:00:00,6.1,84,0.1,14.9,JP_TYO
2026-02-26 06:00:00,6.1,83,0.0,15.3,JP_TYO
2026-02-26 07:00:00,6.1,82,0.0,14.3,JP_TYO
2026-02-26 08:00:00,6.4,81,0.0,13.4,JP_TYO
2026-02-26 09:00:00,7.6,74,0.0,16.2,JP_TYO
2026-02-26 10:00:00,8.6,72,0.0,16.8,JP_TYO
2026-02-26 11:00:00,9.5,70,0.0,19.4,JP_TYO
2026-02-26 12:00:00,10.1,69,0.0,16.2,JP_TYO
2026-02-26 13:00:00,10.9,67,0.0,14.8,JP_TYO
2026-02-26 14:00:00,11.5,66,0.0,14.1,JP_TYO
2026-02-26 15:00:00,11.7,67,0.0,12.8,JP_TYO
2026-02-26 16:00:00,12.1,67,0.0,11.0,JP_TYO
2026-02-26 17:00:00,11.9,69,0.0,8.3,JP_TYO
2026-02-26 18:00:00,11.1,72,0.0,9.9,JP_TYO
2026-02-26 19:00:00,9.8,73,0.0,12.9,JP_TYO
2026-02-26 20:00:00,8.6,76,0.0,12.3,JP_TYO
2026-02-26 21:00:00,8.6,77,0.0,13.2,JP_TYO
2026-02-26 22:00:00,8.4,77,0.0,12.0,JP_TYO
2026-02-26 23:00:00,8.1,79,0.0,11.6,JP_TYO
2026-02-27 00:00:00,7.9,80,0.0,11.3,JP_TYO
2026-02-27 01:00:00,7.8,80,0.0,10.6,JP_TYO
2026-02-27 02:00:00,8.1,79,0.0,10.8,JP_TYO
2026-02-27 03:00:00,8.5,78,0.0,10.1,JP_TYO
2026-02-27 04:00:00,8.5,79,0.0,10.8,JP_TYO
2026-02-27 05:00:00,8.4,80,0.0,9.9,JP_TYO
2026-02-27 06:00:00,8.4,80,0.0,10.4,JP_TYO
2026-02-27 07:00:00,8.6,79,0.0,10.4,JP_TYO
2026-02-27 08:00:00,9.1,78,0.0,9.4,JP_TYO
2026-02-27 09:00:00,9.9,79,0.0,6.9,JP_TYO
2026-02-27 10:00:00,11.8,74,0.0,6.6,JP_TYO
2026-02-27 11:00:00,13.4,67,0.0,8.7,JP_TYO
2026-02-27 12:00:00,14.2,67,0.0,7.3,JP_TYO
2026-02-27 13:00:00,15.7,64,0.0,8.9,JP_TYO
2026-02-27 14:00:00,16.2,62,0.0,6.8,JP_TYO
2026-02-27 15:00:00,15.9,65,0.0,6.0,JP_TYO
2026-02-27 16:00:00,15.9,65,0.0,4.3,JP_TYO
2026-02-27 17:00:00,14.9,73,0.0,4.8,JP_TYO
2026-02-27 18:00:00,13.6,80,0.0,6.2,JP_TYO
2026-02-27 19:00:00,12.9,84,0.0,5.2,JP_TYO
2026-02-27 20:00:00,11.9,87,0.0,5.1,JP_TYO
2026-02-27 21:00:00,11.1,91,0.0,4.6,JP_TYO
2026-02-27 22:00:00,10.8,93,0.0,4.7,JP_TYO
2026-02-27 23:00:00,10.5,94,0.0,5.2,JP_TYO
2026-02-28 00:00:00,10.4,94,0.0,5.5,JP_TYO
2026-02-28 01:00:00,10.4,95,0.0,3.5,JP_TYO
2026-02-28 02:00:00,10.0,96,0.0,0.2,JP_TYO
2026-02-28 03:00:00,9.8,99,0.0,0.3,JP_TYO
2026-02-28 04:00:00,9.9,99,0.0,3.7,JP_TYO
2026-02-28 05:00:00,9.8,100,0.0,5.6,JP_TYO
2026-02-28 06:00:00,9.8,99,0.0,6.7,JP_TYO
2026-02-28 07:00:00,9.9,99,0.0,5.7,JP_TYO
2026-02-28 08:00:00,11.1,92,0.0,5.4,JP_TYO
2026-02-28 09:00:00,13.5,82,0.0,3.6,JP_TYO
2026-02-28 10:00:00,15.8,64,0.0,8.5,JP_TYO
2026-02-28 11:00:00,17.7,48,0.0,20.0,JP_TYO
2026-02-28 12:00:00,17.5,47,0.0,23.8,JP_TYO
2026-02-28 13:00:00,17.8,44,0.0,22.8,JP_TYO
2026-02-28 14:00:00,17.4,43,0.0,22.9,JP_TYO
2026-02-28 15:00:00,17.8,42,0.0,20.7,JP_TYO
2026-02-28 16:00:00,15.9,48,0.0,22.6,JP_TYO
2026-02-28 17:00:00,13.9,52,0.0,20.7,JP_TYO
2026-02-28 18:00:00,12.2,56,0.0,21.1,JP_TYO
2026-02-28 19:00:00,11.2,58,0.0,19.6,JP_TYO
2026-02-28 20:00:00,10.6,59,0.0,20.1,JP_TYO
2026-02-28 21:00:00,10.9,55,0.0,20.9,JP_TYO
2026-02-28 22:00:00,10.1,60,0.0,16.6,JP_TYO
2026-02-28 23:00:00,9.6,61,0.0,14.3,JP_TYO
2026-03-01 00:00:00,9.2,57,0.0,13.7,JP_TYO
2026-03-01 01:00:00,8.6,57,0.0,13.2,JP_TYO
2026-03-01 02:00:00,7.9,59,0.0,13.0,JP_TYO
2026-03-01 03:00:00,8.2,55,0.0,12.4,JP_TYO
2026-03-01 04:00:00,7.8,58,0.0,12.3,JP_TYO
2026-03-01 05:00:00,7.3,61,0.0,13.9,JP_TYO
2026-03-01 06:00:00,6.9,61,0.0,15.0,JP_TYO
2026-03-01 07:00:00,7.1,60,0.0,15.9,JP_TYO
2026-03-01 08:00:00,8.4,55,0.0,13.4,JP_TYO
2026-03-01 09:00:00,10.3,49,0.0,14.8,JP_TYO
2026-03-01 10:00:00,12.1,45,0.0,13.0,JP_TYO
2026-03-01 11:00:00,13.9,41,0.0,10.8,JP_TYO
2026-03-01 12:00:00,15.3,36,0.0,8.9,JP_TYO
2026-03-01 13:00:00,16.4,34,0.0,5.4,JP_TYO
2026-03-01 14:00:00,16.6,36,0.0,4.5,JP_TYO
2026-03-01 15:00:00,16.6,38,0.0,5.8,JP_TYO
2026-03-01 16:00:00,15.9,41,0.0,8.2,JP_TYO
2026-03-01 17:00:00,14.6,47,0.0,5.9,JP_TYO
2026-03-01 18:00:00,13.0,56,0.0,5.7,JP_TYO
2026-03-01 19:00:00,12.2,61,0.0,7.5,JP_TYO
2026-03-01 20:00:00,11.9,67,0.0,7.4,JP_TYO
2026-03-01 21:00:00,11.8,72,0.0,6.5,JP_TYO
2026-03-01 22:00:00,11.7,74,0.0,5.6,JP_TYO
2026-03-01 23:00:00,11.7,75,0.0,5.4,JP_TYO
